{"aime24": [[0, 64, 128, 192, 256, 320, 384, 448, 512, 576, 640, 704, 768, 832, 896, 960, 1024, 2048, 3072, 4096, 5120, 6144, 7168, 8192, 9216, 10240, 11264, 12288, 13312, 14336, 15360, 16384, 17408, 18432, 19456, 20480, 21504, 22528, 23552, 24576, 25600, 26624, 27648, 28672, 29696, 30720, 31744, 32768], [0.0, 0.0, 0.0, 0.0, 0.0010416666666666667, 0.028125, 0.030208333333333334, 0.029166666666666667, 0.01875, 0.020833333333333332, 0.03125, 0.05520833333333333, 0.103125, 0.13958333333333334, 0.15416666666666667, 0.17916666666666667, 0.23541666666666666, 0.34270833333333334, 0.415625, 0.4739583333333333, 0.48333333333333334, 0.5010416666666667, 0.5291666666666667, 0.559375, 0.5885416666666666, 0.6072916666666667, 0.6229166666666667, 0.6385416666666667, 0.65, 0.653125, 0.6572916666666667, 0.6583333333333333, 0.659375, 0.6614583333333334, 0.6625, 0.66875, 0.66875, 0.6729166666666667, 0.675, 0.6760416666666667, 0.6770833333333334, 0.6729166666666667, 0.675, 0.6770833333333334, 0.6770833333333334, 0.6770833333333334, 0.6760416666666667, 0.6770833333333334]], "aime25": [[0, 64, 128, 192, 256, 320, 384, 448, 512, 576, 640, 704, 768, 832, 896, 960, 1024, 2048, 3072, 4096, 5120, 6144, 7168, 8192, 9216, 10240, 11264, 12288, 13312, 14336, 15360, 16384, 17408, 18432, 19456, 20480, 21504, 22528, 23552, 24576, 25600, 26624, 27648, 28672, 29696, 30720, 31744, 32768], [0.0, 0.0, 0.0010416666666666667, 0.0, 0.0, 0.0, 0.0010416666666666667, 0.013541666666666667, 0.027083333333333334, 0.0375, 0.04895833333333333, 0.06354166666666666, 0.07916666666666666, 0.10104166666666667, 0.1125, 0.13854166666666667, 0.190625, 0.271875, 0.3125, 0.34791666666666665, 0.3854166666666667, 0.396875, 0.40729166666666666, 0.440625, 0.45625, 0.4708333333333333, 0.4822916666666667, 0.4895833333333333, 0.49375, 0.5, 0.503125, 0.5072916666666667, 0.515625, 0.521875, 0.5260416666666666, 0.5239583333333333, 0.5260416666666666, 0.5322916666666667, 0.534375, 0.534375, 0.5364583333333334, 0.5364583333333334, 0.5364583333333334, 0.5375, 0.5375, 0.5375, 0.5375, 0.5364583333333334]], "amc23": [[0, 64, 128, 192, 256, 320, 384, 448, 512, 576, 640, 704, 768, 832, 896, 960, 1024, 2048, 3072, 4096, 5120, 6144, 7168, 8192, 9216, 10240, 11264, 12288, 13312, 14336, 15360, 16384, 17408, 18432, 19456, 20480, 21504, 22528, 23552, 24576, 25600, 26624, 27648, 28672, 29696, 30720, 31744, 32768], [0.19921875, 0.203125, 0.21796875, 0.23046875, 0.20703125, 0.20859375, 0.2984375, 0.3703125, 0.3875, 0.4515625, 0.49453125, 0.51640625, 0.51953125, 0.55390625, 0.59765625, 0.6203125, 0.71875, 0.825, 0.84453125, 0.88203125, 0.8921875, 0.91015625, 0.91640625, 0.91875, 0.92109375, 0.9328125, 0.9359375, 0.93828125, 0.9390625, 0.940625, 0.94140625, 0.94375, 0.94375, 0.94375, 0.94453125, 0.9453125, 0.9453125, 0.94453125, 0.94453125, 0.94453125, 0.94453125, 0.94453125, 0.94453125, 0.94453125, 0.94453125, 0.94453125, 0.94453125, 0.94453125]], "minerva_math": [[0, 64, 128, 192, 256, 320, 384, 448, 512, 576, 640, 704, 768, 832, 896, 960, 1024, 2048, 3072, 4096, 5120, 6144, 7168, 8192, 9216, 10240, 11264, 12288, 13312, 14336, 15360, 16384, 17408, 18432, 19456, 20480, 21504, 22528, 23552, 24576, 25600, 26624, 27648, 28672, 29696, 30720, 31744, 32768], [0.07433363970588236, 0.09501378676470588, 0.1193704044117647, 0.1547564338235294, 0.18428308823529413, 0.20909926470588236, 0.2387408088235294, 0.2665441176470588, 0.2864200367647059, 0.31755514705882354, 0.33995863970588236, 0.3552389705882353, 0.3701746323529412, 0.3798253676470588, 0.3876378676470588, 0.3947610294117647, 0.39981617647058826, 0.43692555147058826, 0.439453125, 0.44646139705882354, 0.44806985294117646, 0.44806985294117646, 0.45105698529411764, 0.45323988970588236, 0.4547334558823529, 0.455078125, 0.45496323529411764, 0.45496323529411764, 0.455078125, 0.455078125, 0.455078125, 0.455078125, 0.455078125, 0.455078125, 0.455078125, 0.455078125, 0.455078125, 0.455078125, 0.455078125, 0.455078125, 0.455078125, 0.455078125, 0.455078125, 0.455078125, 0.455078125, 0.455078125, 0.455078125, 0.455078125]]}