{"aime24": [[0, 64, 128, 192, 256, 320, 384, 448, 512, 576, 640, 704, 768, 832, 896, 960, 1024, 2048, 3072, 4096, 5120, 6144, 7168, 8192, 9216, 10240, 11264, 12288, 13312, 14336, 15360, 16384, 17408, 18432, 19456, 20480, 21504, 22528, 23552, 24576, 25600, 26624, 27648, 28672, 29696, 30720, 31744, 32768], [0.021875, 0.013541666666666667, 0.010416666666666666, 0.020833333333333332, 0.00625, 0.0125, 0.017708333333333333, 0.021875, 0.023958333333333335, 0.026041666666666668, 0.03229166666666667, 0.05416666666666667, 0.07604166666666666, 0.09791666666666667, 0.11875, 0.12916666666666668, 0.13125, 0.20833333333333334, 0.2791666666666667, 0.3229166666666667, 0.34270833333333334, 0.359375, 0.371875, 0.3885416666666667, 0.40520833333333334, 0.4125, 0.42291666666666666, 0.43333333333333335, 0.43645833333333334, 0.4395833333333333, 0.440625, 0.4427083333333333, 0.4427083333333333, 0.4427083333333333, 0.44375, 0.44375, 0.44375, 0.44375, 0.44375, 0.44375, 0.44375, 0.44375, 0.44375, 0.44375, 0.44375, 0.44375, 0.44375, 0.44375]], "aime25": [[0, 64, 128, 192, 256, 320, 384, 448, 512, 576, 640, 704, 768, 832, 896, 960, 1024, 2048, 3072, 4096, 5120, 6144, 7168, 8192, 9216, 10240, 11264, 12288, 13312, 14336, 15360, 16384, 17408, 18432, 19456, 20480, 21504, 22528, 23552, 24576, 25600, 26624, 27648, 28672, 29696, 30720, 31744, 32768], [0.030208333333333334, 0.009375, 0.008333333333333333, 0.014583333333333334, 0.01875, 0.017708333333333333, 0.01875, 0.03854166666666667, 0.051041666666666666, 0.059375, 0.06666666666666667, 0.071875, 0.07604166666666666, 0.078125, 0.09270833333333334, 0.10104166666666667, 0.115625, 0.221875, 0.2604166666666667, 0.28020833333333334, 0.28958333333333336, 0.29270833333333335, 0.3, 0.3020833333333333, 0.30520833333333336, 0.30625, 0.3072916666666667, 0.309375, 0.31145833333333334, 0.3125, 0.31354166666666666, 0.31354166666666666, 0.31354166666666666, 0.3125, 0.3125, 0.3125, 0.315625, 0.3145833333333333, 0.315625, 0.315625, 0.315625, 0.315625, 0.315625, 0.315625, 0.315625, 0.315625, 0.315625, 0.315625]], "amc23": [[0, 64, 128, 192, 256, 320, 384, 448, 512, 576, 640, 704, 768, 832, 896, 960, 1024, 2048, 3072, 4096, 5120, 6144, 7168, 8192, 9216, 10240, 11264, 12288, 13312, 14336, 15360, 16384, 17408, 18432, 19456, 20480, 21504, 22528, 23552, 24576, 25600, 26624, 27648, 28672, 29696, 30720, 31744, 32768], [0.1328125, 0.1234375, 0.15234375, 0.17421875, 0.24609375, 0.240625, 0.2953125, 0.34140625, 0.4015625, 0.45625, 0.5078125, 0.55390625, 0.58203125, 0.60625, 0.628125, 0.634375, 0.6453125, 0.728125, 0.76875, 0.8046875, 0.809375, 0.809375, 0.82421875, 0.83359375, 0.84140625, 0.84453125, 0.846875, 0.846875, 0.8484375, 0.84921875, 0.85, 0.85, 0.84921875, 0.84921875, 0.84921875, 0.85, 0.85, 0.84921875, 0.85, 0.85078125, 0.85, 0.85, 0.85, 0.85, 0.85, 0.85, 0.85078125, 0.85078125]], "minerva_math": [[0, 64, 128, 192, 256, 320, 384, 448, 512, 576, 640, 704, 768, 832, 896, 960, 1024, 2048, 3072, 4096, 5120, 6144, 7168, 8192, 9216, 10240, 11264, 12288, 13312, 14336, 15360, 16384, 17408, 18432, 19456, 20480, 21504, 22528, 23552, 24576, 25600, 26624, 27648, 28672, 29696, 30720, 31744, 32768], [0.05916819852941176, 0.06491268382352941, 0.07192095588235294, 0.09662224264705882, 0.10581341911764706, 0.1254595588235294, 0.14625459558823528, 0.16233915441176472, 0.1723345588235294, 0.17761948529411764, 0.19152113970588236, 0.20909926470588236, 0.22552849264705882, 0.24241727941176472, 0.2580422794117647, 0.27010569852941174, 0.279296875, 0.3369715073529412, 0.34719669117647056, 0.3525965073529412, 0.3544347426470588, 0.35558363970588236, 0.35661764705882354, 0.3565027573529412, 0.35696231617647056, 0.3570772058823529, 0.3571920955882353, 0.357421875, 0.35753676470588236, 0.357421875, 0.357421875, 0.35753676470588236, 0.3577665441176471, 0.35788143382352944, 0.35799632352941174, 0.3584558823529412, 0.3583409926470588, 0.35822610294117646, 0.35822610294117646, 0.35822610294117646, 0.35822610294117646, 0.3583409926470588, 0.3583409926470588, 0.3584558823529412, 0.35822610294117646, 0.3583409926470588, 0.35822610294117646, 0.3584558823529412]]}